,0,1,labels
0,0,2501,-1
1,3,1079,0
2,4,1012,-1
3,5,1451,-1
4,5,2320,-1
5,6,781,-1
6,7,762,1
7,8,2091,1
8,9,1124,-1
9,10,959,-1
10,12,2072,-1
11,12,2804,1
12,13,549,-1
13,13,660,-1
14,13,1659,-1
15,13,2798,1
16,14,772,1
17,15,186,-1
18,17,1867,-1
19,18,1475,1
20,19,2769,1
21,22,715,-1
22,23,2137,-1
23,24,1989,1
24,25,1109,1
25,27,331,1
26,28,981,-1
27,28,1536,1
28,28,2795,-1
29,29,376,-1
30,30,185,-1
31,30,479,-1
32,31,74,-1
33,31,739,-1
34,32,139,-1
35,34,533,1
36,34,2133,-1
37,35,2258,1
38,36,2528,-1
39,37,1534,-1
40,38,1731,-1
41,38,1928,-1
42,39,356,-1
43,39,720,1
44,40,2124,-1
45,40,2269,-1
46,41,2134,-1
47,43,645,-1
48,43,1504,1
49,44,769,-1
50,44,1239,-1
51,44,1601,1
52,45,2882,-1
53,46,943,-1
54,46,1634,-1
55,47,1441,-1
56,48,1222,1
57,49,1716,-1
58,50,796,1
59,55,2525,-1
60,56,2841,-1
61,59,2450,1
62,61,2208,-1
63,62,2252,-1
64,64,1778,-1
65,64,2356,-1
66,65,2835,0
67,68,1535,-1
68,68,2016,-1
69,69,1528,-1
70,72,196,1
71,74,1404,-1
72,75,1807,-1
73,76,2018,1
74,78,1910,1
75,80,485,-1
76,81,1040,1
77,82,1895,1
78,83,386,-1
79,84,179,1
80,84,1175,0
81,85,1074,-1
82,85,1562,1
83,88,108,-1
84,88,547,1
85,88,2707,-1
86,88,2807,-1
87,89,380,1
88,92,1070,0
89,95,1197,1
90,98,2824,1
91,104,960,-1
92,104,2480,1
93,105,157,-1
94,106,2518,-1
95,111,1226,-1
96,111,2510,1
97,112,213,-1
98,112,452,1
99,115,1879,-1
100,116,2101,1
101,117,173,-1
102,118,2322,1
103,118,2593,-1
104,121,799,-1
105,122,1927,1
106,123,940,-1
107,125,1556,-1
108,129,1013,1
109,132,1065,-1
110,136,1158,-1
111,137,154,-1
112,137,1247,-1
113,137,1316,1
114,138,774,0
115,138,1555,0
116,139,2337,-1
117,140,2375,-1
118,141,1891,0
119,141,2013,0
120,143,2886,-1
121,145,404,-1
122,145,1766,-1
123,149,637,-1
124,149,2239,1
125,150,2105,0
126,153,319,-1
127,154,1016,-1
128,154,2265,1
129,155,519,1
130,155,1117,-1
131,160,47,-1
132,160,863,-1
133,160,2315,-1
134,160,2692,1
135,161,323,-1
136,161,937,-1
137,161,1165,1
138,162,1773,-1
139,163,2053,1
140,163,2633,-1
141,164,1569,1
142,166,106,-1
143,166,957,-1
144,166,1325,-1
145,168,2852,1
146,169,129,1
147,170,335,-1
148,170,2036,-1
149,170,2855,-1
150,173,135,-1
151,174,229,-1
152,174,1274,-1
153,175,2453,1
154,176,2869,1
155,177,1265,-1
156,177,2067,-1
157,182,622,-1
158,182,2228,-1
159,182,2820,1
160,184,2505,-1
161,186,136,-1
162,186,903,1
163,187,1501,-1
164,188,1473,-1
165,189,1527,0
166,191,324,-1
167,191,506,-1
168,191,626,1
169,193,1819,0
170,193,2848,1
171,194,785,-1
172,196,706,-1
173,198,368,-1
174,200,1275,1
175,201,2281,1
176,202,778,0
177,204,589,1
178,205,1596,1
179,207,2569,-1
180,208,2380,1
181,210,2425,-1
182,211,2132,-1
183,213,191,1
184,213,2198,1
185,215,2799,1
186,216,118,0
187,218,815,-1
188,220,2532,1
189,221,1620,1
190,221,2340,1
191,222,1169,1
192,223,1743,0
193,224,444,0
194,224,1382,1
195,225,2581,1
196,225,2684,1
197,230,403,0
198,235,1147,0
199,236,2109,0
200,237,222,1
201,239,1617,0
202,241,818,0
203,241,1433,0
204,241,2446,1
205,242,2489,1
206,243,1128,1
207,243,2793,1
208,244,905,1
209,245,1854,1
210,245,2601,1
211,247,2048,1
212,249,2819,1
213,250,1030,1
214,253,105,1
215,254,2649,1
216,256,850,1
217,258,2341,1
218,259,2026,1
219,260,379,1
220,261,1223,1
221,261,2331,1
222,263,1017,1
223,263,2507,1
224,264,1684,1
225,266,2689,1
226,270,1426,1
227,271,2466,0
228,272,1843,1
229,272,2865,1
230,277,869,1
231,278,554,1
232,282,2052,1
233,286,599,0
234,287,2250,0
235,288,1452,1
236,288,1838,1
237,289,1775,0
238,290,1583,1
239,290,1822,0
240,290,2894,0
241,291,34,1
242,291,1802,0
243,292,969,1
244,293,1996,1
245,293,2508,-1
246,294,1368,1
247,295,2732,1
248,297,397,1
249,301,450,1
250,302,1233,0
251,303,1619,1
252,305,1152,1
253,307,2324,0
254,311,860,1
255,313,1115,1
256,313,2901,1
257,314,180,1
258,315,726,-1
259,315,2608,1
260,320,241,1
261,322,2401,1
262,324,1834,1
263,325,2029,1
264,325,2801,1
265,327,687,1
266,328,632,1
267,330,1044,1
268,330,2033,0
269,331,257,-1
270,333,292,1
271,334,1021,1
272,337,946,0
273,338,1145,1
274,339,1435,1
275,340,1821,1
276,340,2195,1
277,341,2278,1
278,343,2499,0
279,347,800,0
280,348,1309,1
281,349,2187,0
282,351,685,0
283,351,1437,0
284,352,2678,1
285,355,1999,1
286,356,2100,1
287,358,1022,1
288,360,92,-1
289,361,897,-1
290,361,2836,-1
291,363,1544,0
292,364,290,0
293,365,972,1
294,365,1765,1
295,366,1421,1
296,368,1497,1
297,368,2722,1
298,373,1293,1
299,374,2813,-1
300,376,1238,1
301,377,1713,1
302,378,50,0
303,380,119,1
304,380,2883,1
305,382,2472,1
306,384,1546,0
307,386,1526,1
308,388,736,-1
309,388,2543,1
310,391,2862,0
311,392,127,1
312,392,936,-1
313,392,2131,-1
314,395,2493,0
315,396,2598,0
316,399,177,0
317,399,454,1
318,399,1957,0
319,400,96,0
320,404,390,1
321,407,2723,1
322,408,224,1
323,409,2278,-1
324,410,67,0
325,411,2002,1
326,413,2459,1
327,415,104,1
328,416,976,1
329,416,2123,1
330,418,853,1
331,418,2888,1
332,419,2527,1
333,422,2586,1
334,426,803,1
335,429,2007,1
336,429,2587,1
337,433,1480,1
338,433,2409,1
339,435,1493,1
340,435,1637,1
341,436,1788,1
342,438,2890,0
343,439,284,0
344,439,1582,0
345,443,1093,1
346,445,1043,1
347,446,305,1
348,446,2777,1
349,447,1767,0
350,448,2631,0
351,452,228,0
352,452,2773,1
353,453,1824,1
354,457,960,-1
355,457,2480,-1
356,460,331,-1
357,461,199,0
358,464,1236,1
359,466,221,0
360,469,349,0
361,471,431,1
362,475,837,1
363,476,1687,1
364,477,207,1
365,481,1980,1
366,482,1907,0
367,484,872,1
368,486,1237,-1
369,487,2251,1
370,488,2515,1
371,489,2346,1
372,490,1585,0
373,492,1814,0
374,494,2120,-1
375,494,2504,1
376,496,475,1
377,497,200,0
378,498,1067,0
379,498,2635,1
380,499,1041,-1
381,499,1403,-1
382,500,916,-1
383,503,1083,-1
384,506,2687,-1
385,507,489,1
386,507,881,-1
387,507,2118,-1
388,511,1940,-1
389,512,1029,1
390,512,1952,-1
391,512,2645,-1
392,513,878,-1
393,513,2279,-1
394,519,115,-1
395,520,2542,-1
396,521,232,1
397,523,337,-1
398,523,1205,-1
399,528,375,-1
400,529,1118,-1
401,530,1494,1
402,532,1463,1
403,534,1113,-1
404,535,2853,-1
405,536,520,-1
406,537,897,-1
407,537,2836,1
408,539,545,-1
409,539,733,-1
410,540,405,1
411,540,417,-1
412,541,271,-1
413,542,761,0
414,542,1314,-1
415,543,1884,1
416,546,1068,-1
417,547,842,-1
418,548,377,-1
419,550,2167,1
420,552,1974,-1
421,553,248,-1
422,554,1057,-1
423,555,254,1
424,555,2627,-1
425,558,544,-1
426,562,1657,1
427,562,2614,-1
428,564,759,-1
429,564,1794,-1
430,566,1217,-1
431,567,1179,-1
432,570,2738,-1
433,570,2772,-1
434,572,2592,1
435,573,1813,-1
436,573,2654,-1
437,575,598,-1
438,576,845,1
439,577,425,1
440,578,2626,-1
441,579,1016,-1
442,579,2265,-1
443,581,2524,1
444,582,269,-1
445,582,663,1
446,582,1127,-1
447,583,350,-1
448,583,1712,1
449,585,2717,-1
450,587,1726,1
451,589,1547,1
452,590,412,1
453,591,790,1
454,592,188,-1
455,592,1428,-1
456,592,2047,0
457,593,847,1
458,595,484,-1
459,595,2422,-1
460,598,297,-1
461,599,496,-1
462,601,2318,1
463,602,178,1
464,605,747,-1
465,606,906,-1
466,607,438,-1
467,609,2791,-1
468,612,352,-1
469,612,1089,-1
470,612,1524,1
471,613,1984,-1
472,616,1410,0
473,617,2127,-1
474,618,828,-1
475,618,2590,-1
476,619,2417,-1
477,621,1038,1
478,622,559,1
479,622,1635,-1
480,624,2429,1
481,628,735,1
482,628,1600,-1
483,628,1735,-1
484,630,826,-1
485,631,203,1
486,631,2205,-1
487,631,2891,-1
488,632,285,1
489,634,65,-1
490,636,1335,-1
491,637,830,-1
492,638,2136,-1
493,639,37,-1
494,639,764,-1
495,639,1827,-1
496,642,1538,1
497,643,124,-1
498,644,763,1
499,644,1614,-1
500,645,234,-1
501,646,1970,-1
502,646,2232,-1
503,651,1805,1
504,652,801,-1
505,653,372,1
506,654,987,-1
507,657,1734,1
508,657,2028,-1
509,659,299,1
510,659,838,-1
511,661,1754,1
512,662,628,-1
513,662,1102,-1
514,662,2005,-1
515,663,709,-1
516,663,2022,-1
517,664,804,1
518,665,2039,-1
519,665,2783,-1
520,666,165,-1
521,666,1704,-1
522,670,1338,-1
523,672,671,-1
524,675,11,-1
525,677,1465,-1
526,677,1896,1
527,680,1572,-1
528,681,1331,-1
529,682,1300,-1
530,682,2433,-1
531,682,2809,1
532,685,1756,-1
533,687,1260,-1
534,687,2235,1
535,688,1968,-1
536,689,1105,1
537,690,2349,-1
538,691,2893,1
539,692,1608,1
540,692,1737,-1
541,694,2615,-1
542,695,2497,-1
543,697,1242,-1
544,699,488,-1
545,699,2714,-1
546,700,1472,-1
547,701,122,-1
548,702,1064,1
549,703,2746,-1
550,704,2533,-1
551,705,2398,-1
552,706,2619,-1
553,707,1271,-1
554,710,876,-1
555,710,1887,-1
556,712,771,-1
557,712,795,1
558,713,679,-1
559,714,639,-1
560,718,1035,-1
561,724,2745,1
562,725,2823,1
563,726,1874,1
564,727,364,-1
565,729,1232,-1
566,729,2075,-1
567,735,2491,-1
568,737,2636,-1
569,742,1535,-1
570,742,2016,-1
571,743,2843,1
572,744,2179,-1
573,744,2713,-1
574,746,2414,1
575,747,283,-1
576,747,551,1
577,749,103,-1
578,750,513,-1
579,751,833,-1
580,752,1333,-1
581,753,1776,-1
582,753,2010,-1
583,754,836,1
584,758,1266,1
585,759,2378,-1
586,761,441,-1
587,763,1997,-1
588,765,1761,-1
589,765,2023,-1
590,766,1810,1
591,771,760,-1
592,775,192,1
593,777,2864,-1
594,778,1903,-1
595,778,2348,-1
596,779,2568,-1
597,780,1675,-1
598,781,2838,-1
599,782,2465,-1
600,785,1727,1
601,786,1409,-1
602,790,1339,-1
603,791,928,-1
604,791,1682,1
605,794,2733,1
606,795,1273,1
607,796,2756,1
608,797,1032,-1
609,797,2241,-1
610,800,521,-1
611,801,673,1
612,802,1468,1
613,803,538,1
614,804,1415,-1
615,804,1645,-1
616,805,91,1
617,807,2226,1
618,809,656,1
619,809,1705,-1
620,810,99,-1
621,813,1163,-1
622,814,1510,-1
623,815,2430,1
624,816,743,-1
625,817,304,1
626,817,388,-1
627,817,2112,-1
628,818,1692,1
629,819,856,-1
630,819,2355,1
631,822,1355,1
632,822,2024,-1
633,823,622,-1
634,823,2228,-1
635,823,2820,-1
636,824,2557,-1
637,825,1116,1
638,827,461,-1
639,828,281,-1
640,830,31,-1
641,831,793,-1
642,831,2365,-1
643,832,1142,-1
644,834,648,-1
645,834,1613,-1
646,835,628,-1
647,835,1102,-1
648,835,2005,-1
649,838,2782,0
650,839,1759,-1
651,841,1099,1
652,842,600,-1
653,843,1150,1
654,844,94,-1
655,845,321,-1
656,845,1455,1
657,850,1341,1
658,850,2469,-1
659,852,53,1
660,856,2443,-1
661,857,849,1
662,857,1372,-1
663,857,1921,-1
664,857,2800,-1
665,857,2872,-1
666,860,322,-1
667,860,1306,1
668,860,1361,-1
669,861,1668,1
670,861,2675,-1
671,862,792,-1
672,863,584,0
673,864,1520,-1
674,865,1067,-1
675,865,2635,-1
676,866,901,-1
677,866,2285,-1
678,868,1925,1
679,872,2379,-1
680,873,1285,-1
681,874,1219,-1
682,874,2876,-1
683,877,2719,-1
684,879,2085,0
685,880,274,1
686,880,2770,-1
687,881,1006,0
688,881,2253,1
689,882,486,-1
690,885,18,-1
691,886,1626,-1
692,887,366,1
693,889,1287,-1
694,889,1888,-1
695,890,1647,1
696,891,949,-1
697,891,1019,-1
698,895,2806,-1
699,897,1877,1
700,901,1010,-1
701,902,1439,-1
702,903,2622,-1
703,904,2791,1
704,905,2076,1
705,906,1764,-1
706,906,2644,1
707,907,1055,-1
708,911,2858,1
709,912,770,-1
710,912,2140,-1
711,913,2509,-1
712,918,51,1
713,918,2551,0
714,918,2832,0
715,919,2500,-1
716,921,1229,1
717,922,1804,-1
718,922,2032,-1
719,922,2345,1
720,924,894,-1
721,926,2395,-1
722,927,523,1
723,927,766,-1
724,930,341,-1
725,930,817,-1
726,930,1264,-1
727,931,1761,-1
728,931,2023,-1
729,932,25,-1
730,932,243,-1
731,932,2412,1
732,933,1036,-1
733,934,640,-1
734,934,1438,1
735,934,2248,-1
736,935,1061,-1
737,937,1296,-1
738,938,690,1
739,942,2027,-1
740,943,2138,-1
741,944,2144,-1
742,947,429,1
743,950,1110,1
744,950,1332,-1
745,950,1951,-1
746,952,616,-1
747,955,120,-1
748,955,915,-1
749,955,1007,1
750,955,1155,-1
751,955,1905,-1
752,956,230,-1
753,956,1876,1
754,958,1407,1
755,958,1604,-1
756,959,2690,1
757,961,334,-1
758,961,2015,-1
759,963,1723,-1
760,963,2093,1
761,963,2154,-1
762,964,1073,-1
763,965,964,-1
764,966,1746,-1
765,967,2083,1
766,968,273,-1
767,968,1227,-1
768,970,2216,-1
769,972,1742,-1
770,974,2625,-1
771,975,2262,1
772,976,301,1
773,976,2104,-1
774,977,1015,-1
775,978,2294,1
776,980,26,-1
777,980,777,1
778,980,1313,-1
779,986,1470,-1
780,987,1654,-1
781,988,798,1
782,990,858,-1
783,990,1262,1
784,991,402,-1
785,992,2863,-1
786,995,2135,0
787,996,1376,-1
788,999,2415,-1
789,1001,1114,1
790,1003,1483,-1
791,1003,2259,1
792,1004,395,-1
793,1004,1670,-1
794,1005,1786,-1
795,1007,2210,-1
796,1011,2548,-1
797,1011,2549,-1
798,1012,1571,-1
799,1015,1387,-1
800,1018,2611,1
801,1019,2787,-1
802,1022,250,-1
803,1022,2816,-1
804,1023,1495,-1
805,1026,160,-1
806,1027,1221,-1
807,1031,2650,-1
808,1032,885,-1
809,1034,1466,-1
810,1035,2184,1
811,1036,362,1
812,1036,864,-1
813,1037,945,-1
814,1040,1889,-1
815,1040,2467,1
816,1041,643,-1
817,1042,1680,-1
818,1043,2870,-1
819,1044,2569,1
820,1046,175,1
821,1046,530,-1
822,1049,309,-1
823,1053,839,-1
824,1053,2413,1
825,1055,1078,-1
826,1057,1001,1
827,1058,1846,1
828,1058,2168,-1
829,1061,92,1
830,1062,225,0
831,1062,1954,1
832,1064,358,-1
833,1064,2068,-1
834,1065,323,-1
835,1065,937,-1
836,1065,1165,-1
837,1067,2460,1
838,1067,2830,-1
839,1069,2448,-1
840,1070,2088,1
841,1072,1702,1
842,1074,634,-1
843,1075,963,-1
844,1076,2785,-1
845,1077,212,-1
846,1077,1210,-1
847,1079,491,-1
848,1079,1993,-1
849,1080,473,-1
850,1081,1108,0
851,1082,574,0
852,1084,618,1
853,1086,1046,-1
854,1087,2004,-1
855,1088,1589,0
856,1090,1618,-1
857,1091,1856,-1
858,1091,2477,-1
859,1100,1611,1
860,1104,751,-1
861,1106,2327,-1
862,1106,2485,-1
863,1107,47,-1
864,1107,863,-1
865,1107,2315,-1
866,1107,2692,-1
867,1108,2727,0
868,1110,802,1
869,1110,2560,-1
870,1110,2846,-1
871,1111,1680,-1
872,1114,644,-1
873,1114,768,-1
874,1114,1595,-1
875,1115,744,-1
876,1115,1868,1
877,1116,1063,-1
878,1117,1442,-1
879,1120,2086,1
880,1123,948,-1
881,1124,985,1
882,1124,1385,-1
883,1125,476,-1
884,1128,2648,1
885,1129,1646,-1
886,1130,1390,1
887,1131,718,-1
888,1136,263,-1
889,1136,500,1
890,1136,2193,-1
891,1137,816,-1
892,1137,1174,1
893,1138,1747,-1
894,1139,2845,-1
895,1141,2296,-1
896,1143,683,0
897,1144,1278,-1
898,1144,1484,-1
899,1145,1894,1
900,1146,731,1
901,1147,443,1
902,1148,314,-1
903,1149,1178,1
904,1149,2094,-1
905,1150,902,1
906,1152,487,1
907,1152,1823,-1
908,1153,610,1
909,1154,252,1
910,1155,240,0
911,1155,1559,0
912,1156,1303,-1
913,1157,576,1
914,1157,1215,-1
915,1158,2065,1
916,1159,2256,1
917,1160,436,1
918,1162,971,-1
919,1162,1872,1
920,1163,614,0
921,1163,899,0
922,1169,2897,-1
923,1170,2715,1
924,1172,423,-1
925,1175,2462,-1
926,1177,1345,1
927,1178,3,0
928,1182,635,0
929,1183,586,-1
930,1183,2335,-1
931,1184,615,-1
932,1184,1763,-1
933,1186,358,-1
934,1186,2068,-1
935,1187,782,-1
936,1188,2634,1
937,1190,888,-1
938,1190,1990,-1
939,1191,2873,-1
940,1193,2107,-1
941,1196,1607,-1
942,1200,934,1
943,1200,1829,-1
944,1201,2896,-1
945,1203,373,-1
946,1203,1281,-1
947,1205,1965,-1
948,1207,710,1
949,1207,1665,-1
950,1208,641,-1
951,1209,883,1
952,1209,1424,-1
953,1209,1851,-1
954,1209,2299,-1
955,1210,2203,1
956,1213,442,-1
957,1213,2030,1
958,1214,482,-1
959,1215,1732,-1
960,1215,2512,1
961,1216,592,-1
962,1217,1939,1
963,1219,1481,-1
964,1221,996,-1
965,1222,654,-1
966,1223,116,0
967,1223,1858,-1
968,1224,2503,1
969,1225,532,-1
970,1228,1709,-1
971,1228,2096,1
972,1229,1924,-1
973,1229,2523,-1
974,1230,1134,-1
975,1230,2432,1
976,1230,2900,-1
977,1231,278,-1
978,1231,955,1
979,1232,1447,-1
980,1233,268,-1
981,1233,621,-1
982,1236,2650,-1
983,1237,2616,1
984,1238,567,0
985,1241,2221,-1
986,1241,2637,1
987,1242,2078,-1
988,1244,385,-1
989,1244,1230,-1
990,1245,1250,1
991,1246,98,1
992,1246,1284,-1
993,1247,748,-1
994,1252,1549,1
995,1253,2284,1
996,1254,416,0
997,1261,1541,1
998,1263,1513,1
999,1265,127,-1
1000,1265,936,1
1001,1265,2131,1
1002,1267,28,0
1003,1270,536,1
1004,1270,765,1
1005,1270,1797,1
1006,1273,1598,0
1007,1273,2451,0
1008,1273,2674,0
1009,1276,2056,1
1010,1276,2847,1
1011,1277,1532,1
1012,1277,2676,1
1013,1279,2483,1
1014,1280,2544,1
1015,1284,383,1
1016,1285,697,0
1017,1285,2173,-1
1018,1291,2744,1
1019,1292,131,1
1020,1295,2673,1
1021,1296,1531,0
1022,1298,2397,0
1023,1299,823,0
1024,1302,195,0
1025,1302,1560,1
1026,1303,1129,0
1027,1304,811,1
1028,1304,1400,1
1029,1304,2579,1
1030,1306,617,0
1031,1306,2352,0
1032,1308,1880,1
1033,1310,1370,1
1034,1311,827,0
1035,1312,1779,0
1036,1312,2653,1
1037,1313,1431,1
1038,1313,2231,1
1039,1314,277,0
1040,1314,638,0
1041,1318,2461,0
1042,1319,642,1
1043,1319,1092,1
1044,1320,745,1
1045,1321,1833,0
1046,1323,1199,-1
1047,1324,159,1
1048,1324,493,1
1049,1325,1936,0
1050,1326,270,-1
1051,1326,2742,-1
1052,1327,2671,1
1053,1328,2607,1
1054,1329,1642,0
1055,1329,1672,1
1056,1331,2734,0
1057,1332,1621,1
1058,1334,2554,0
1059,1335,543,1
1060,1335,1926,1
1061,1338,2353,0
1062,1339,932,0
1063,1339,1100,0
1064,1340,1676,1
1065,1341,1648,0
1066,1342,1956,1
1067,1342,2040,-1
1068,1342,2283,1
1069,1342,2384,-1
1070,1347,520,-1
1071,1348,2538,1
1072,1349,2382,1
1073,1350,132,1
1074,1352,721,-1
1075,1352,968,0
1076,1355,2584,1
1077,1356,984,0
1078,1357,2694,1
1079,1358,742,0
1080,1358,2642,0
1081,1361,740,0
1082,1362,866,0
1083,1362,1267,0
1084,1363,1393,1
1085,1364,1191,1
1086,1365,5,1
1087,1365,2436,1
1088,1370,629,0
1089,1370,2219,1
1090,1371,1913,1
1091,1372,1587,1
1092,1374,2695,1
1093,1375,2290,1
1094,1377,1181,1
1095,1378,1552,1
1096,1378,2189,1
1097,1379,694,1
1098,1380,1499,0
1099,1382,1305,1
1100,1383,123,1
1101,1383,1975,1
1102,1384,1451,1
1103,1384,2320,0
1104,1387,494,1
1105,1391,840,1
1106,1392,1301,1
1107,1394,546,1
1108,1395,1130,1
1109,1397,508,0
1110,1398,2721,1
1111,1402,121,1
1112,1404,732,1
1113,1404,2729,1
1114,1409,143,1
1115,1410,426,1
1116,1411,2381,1
1117,1412,1253,-1
1118,1412,1551,-1
1119,1412,2061,0
1120,1415,1018,1
1121,1415,1389,1
1122,1416,1110,-1
1123,1416,1332,-1
1124,1416,1951,-1
1125,1418,457,1
1126,1419,552,1
1127,1425,999,1
1128,1426,1506,0
1129,1426,1661,1
1130,1429,1950,1
1131,1430,139,0
1132,1434,1623,1
1133,1434,2368,1
1134,1438,1736,1
1135,1439,1922,0
1136,1440,2214,0
1137,1442,1461,0
1138,1445,1988,1
1139,1446,346,1
1140,1448,892,1
1141,1448,1140,-1
1142,1448,1521,-1
1143,1448,1688,0
1144,1448,1771,0
1145,1452,216,1
1146,1453,1444,1
1147,1455,1694,1
1148,1456,325,1
1149,1461,137,1
1150,1462,1283,0
1151,1463,1356,0
1152,1464,1514,0
1153,1466,2115,1
1154,1466,2456,0
1155,1466,2556,0
1156,1467,806,1
1157,1468,667,1
1158,1471,1593,1
1159,1472,754,1
1160,1473,789,1
1161,1474,1255,1
1162,1475,1141,1
1163,1476,2539,0
1164,1478,12,0
1165,1480,261,1
1166,1482,1741,0
1167,1483,893,1
1168,1487,1578,1
1169,1488,2669,1
1170,1489,1836,1
1171,1490,413,1
1172,1491,100,1
1173,1491,189,1
1174,1491,2090,-1
1175,1491,2547,1
1176,1492,939,1
1177,1492,2264,0
1178,1496,233,-1
1179,1496,1751,-1
1180,1499,135,-1
1181,1503,287,1
1182,1506,2561,-1
1183,1512,2317,-1
1184,1513,517,-1
1185,1513,1567,-1
1186,1515,2289,-1
1187,1516,682,1
1188,1517,730,-1
1189,1517,911,1
1190,1519,2161,-1
1191,1523,1133,1
1192,1524,1519,-1
1193,1524,2827,-1
1194,1525,59,-1
1195,1526,1754,-1
1196,1527,1831,-1
1197,1527,2558,-1
1198,1530,1183,-1
1199,1532,1208,-1
1200,1533,1757,-1
1201,1533,1962,1
1202,1534,611,1
1203,1537,1279,-1
1204,1538,2240,-1
1205,1539,566,1
1206,1540,1965,1
1207,1541,109,-1
1208,1542,2677,-1
1209,1543,2359,-1
1210,1544,58,-1
1211,1546,1828,-1
1212,1546,2724,-1
1213,1547,423,1
1214,1548,2464,-1
1215,1549,2084,-1
1216,1550,112,-1
1217,1550,217,1
1218,1552,990,-1
1219,1553,2735,0
1220,1554,1498,-1
1221,1554,1967,-1
1222,1554,2750,-1
1223,1556,340,0
1224,1557,1653,-1
1225,1558,1651,1
1226,1559,415,-1
1227,1561,623,0
1228,1562,1565,-1
1229,1565,453,-1
1230,1565,661,1
1231,1567,473,-1
1232,1570,2537,-1
1233,1572,1106,-1
1234,1573,2336,1
1235,1575,208,-1
1236,1576,1280,-1
1237,1578,922,1
1238,1582,2293,1
1239,1585,2369,1
1240,1589,1991,-1
1241,1590,259,-1
1242,1590,275,-1
1243,1590,490,-1
1244,1590,1082,-1
1245,1590,1981,-1
1246,1592,266,-1
1247,1592,1427,-1
1248,1595,2520,1
1249,1597,1564,-1
1250,1597,1837,-1
1251,1598,1789,1
1252,1601,2202,1
1253,1602,492,-1
1254,1604,310,-1
1255,1604,577,1
1256,1605,2000,-1
1257,1606,286,-1
1258,1606,1107,-1
1259,1607,755,-1
1260,1608,1568,-1
1261,1609,1584,-1
1262,1610,1937,-1
1263,1610,2604,-1
1264,1611,1171,-1
1265,1612,1640,-1
1266,1613,226,-1
1267,1613,1883,1
1268,1614,333,-1
1269,1616,1362,-1
1270,1617,2741,-1
1271,1619,2215,1
1272,1620,2103,-1
1273,1620,2658,1
1274,1624,746,-1
1275,1625,1616,-1
1276,1626,2878,-1
1277,1630,1850,-1
1278,1635,2008,-1
1279,1637,2106,1
1280,1638,977,-1
1281,1638,1276,-1
1282,1638,2754,1
1283,1639,711,-1
1284,1640,2628,0
1285,1641,2263,-1
1286,1643,924,1
1287,1645,2575,-1
1288,1648,878,-1
1289,1648,2279,1
1290,1652,1383,-1
1291,1653,1312,1
1292,1655,1125,1
1293,1656,1748,-1
1294,1656,1942,-1
1295,1657,1058,0
1296,1657,2155,1
1297,1660,37,-1
1298,1660,764,-1
1299,1660,1827,-1
1300,1663,738,1
1301,1665,721,-1
1302,1665,968,-1
1303,1667,446,1
1304,1667,1318,-1
1305,1669,1042,-1
1306,1671,882,1
1307,1673,2656,-1
1308,1674,238,-1
1309,1674,1663,-1
1310,1676,467,-1
1311,1679,206,-1
1312,1679,1964,-1
1313,1683,307,1
1314,1683,1784,-1
1315,1683,2599,-1
1316,1684,134,-1
1317,1685,67,-1
1318,1687,624,-1
1319,1688,1641,-1
1320,1688,1752,-1
1321,1690,1994,-1
1322,1691,2394,-1
1323,1692,171,1
1324,1693,1405,1
1325,1694,289,1
1326,1695,772,-1
1327,1699,2435,-1
1328,1702,919,1
1329,1705,714,-1
1330,1706,1625,1
1331,1707,2753,-1
1332,1709,2043,1
1333,1710,572,-1
1334,1710,2116,1
1335,1711,1272,-1
1336,1713,188,1
1337,1713,1428,-1
1338,1713,2047,-1
1339,1717,575,1
1340,1717,2180,-1
1341,1718,1986,-1
1342,1719,2741,-1
1343,1720,10,1
1344,1721,2120,0
1345,1721,2504,-1
1346,1723,1813,-1
1347,1723,2654,1
1348,1733,2701,-1
1349,1734,2755,-1
1350,1735,69,-1
1351,1736,1563,-1
1352,1737,565,-1
1353,1738,234,1
1354,1741,2476,-1
1355,1742,1053,-1
1356,1744,1875,-1
1357,1745,797,-1
1358,1746,2868,1
1359,1747,2114,1
1360,1748,41,-1
1361,1748,2150,1
1362,1749,1678,-1
1363,1749,1886,-1
1364,1750,1669,-1
1365,1751,70,-1
1366,1751,1261,-1
1367,1752,336,1
1368,1752,2130,-1
1369,1753,961,1
1370,1755,1085,-1
1371,1757,2169,-1
1372,1757,2521,-1
1373,1761,692,-1
1374,1762,2282,1
1375,1768,2321,1
1376,1769,335,-1
1377,1769,2036,-1
1378,1769,2855,-1
1379,1770,2704,-1
1380,1772,813,1
1381,1772,2247,-1
1382,1776,652,-1
1383,1777,369,1
1384,1777,942,-1
1385,1778,440,1
1386,1778,2092,-1
1387,1782,130,-1
1388,1786,2790,-1
1389,1789,961,-1
1390,1791,2666,-1
1391,1793,1808,-1
1392,1794,2641,1
1393,1798,63,-1
1394,1798,1487,-1
1395,1800,1365,-1
1396,1801,557,-1
1397,1801,588,-1
1398,1801,846,-1
1399,1801,1977,-1
1400,1801,2035,-1
1401,1803,1328,1
1402,1803,1899,-1
1403,1804,712,0
1404,1805,1218,-1
1405,1805,1730,-1
1406,1806,1054,1
1407,1807,83,-1
1408,1807,345,0
1409,1808,1904,1
1410,1811,367,-1
1411,1811,1508,1
1412,1813,194,-1
1413,1816,246,-1
1414,1816,1263,-1
1415,1818,524,-1
1416,1819,767,1
1417,1821,70,-1
1418,1821,1261,-1
1419,1822,531,1
1420,1822,2080,-1
1421,1823,2857,-1
1422,1826,2098,1
1423,1826,2705,-1
1424,1830,449,-1
1425,1830,2223,1
1426,1835,2831,-1
1427,1839,198,-1
1428,1840,48,-1
1429,1843,2177,1
1430,1844,86,1
1431,1844,991,-1
1432,1847,1755,0
1433,1848,166,-1
1434,1848,1291,-1
1435,1848,2471,-1
1436,1849,1308,-1
1437,1849,2899,-1
1438,1850,1760,-1
1439,1853,851,-1
1440,1854,1069,0
1441,1856,351,-1
1442,1856,1423,-1
1443,1858,2097,-1
1444,1859,2421,-1
1445,1860,676,-1
1446,1862,2730,-1
1447,1863,265,-1
1448,1864,644,-1
1449,1864,768,-1
1450,1864,1595,-1
1451,1866,2386,1
1452,1867,2328,-1
1453,1868,2716,-1
1454,1870,439,0
1455,1875,1848,-1
1456,1875,2751,-1
1457,1876,478,1
1458,1878,30,1
1459,1878,1553,-1
1460,1879,2082,1
1461,1880,1935,1
1462,1882,918,-1
1463,1883,647,-1
1464,1884,704,1
1465,1885,1852,1
1466,1890,419,1
1467,1891,2181,1
1468,1892,33,-1
1469,1892,1363,1
1470,1892,2834,-1
1471,1893,1718,-1
1472,1893,2311,-1
1473,1894,787,1
1474,1896,2779,-1
1475,1900,1157,-1
1476,1905,359,-1
1477,1906,1173,0
1478,1907,83,1
1479,1907,345,-1
1480,1908,1176,-1
1481,1908,1257,1
1482,1910,1698,-1
1483,1910,2418,-1
1484,1911,1195,-1
1485,1913,1778,-1
1486,1913,2356,-1
1487,1915,688,-1
1488,1918,1707,1
1489,1920,1097,-1
1490,1921,1512,0
1491,1921,1656,1
1492,1923,1781,-1
1493,1924,1662,1
1494,1924,2199,-1
1495,1926,1178,-1
1496,1926,2094,-1
1497,1932,686,-1
1498,1932,935,1
1499,1934,954,-1
1500,1940,989,0
1501,1941,405,-1
1502,1941,417,-1
1503,1943,133,0
1504,1943,884,0
1505,1944,1336,1
1506,1945,2643,-1
1507,1946,497,-1
1508,1946,1717,-1
1509,1946,2361,1
1510,1948,2670,-1
1511,1949,428,1
1512,1953,114,-1
1513,1954,512,-1
1514,1955,2237,-1
1515,1956,2134,-1
1516,1957,1445,0
1517,1958,537,-1
1518,1958,983,-1
1519,1958,2170,1
1520,1959,2710,1
1521,1960,2638,1
1522,1966,1609,-1
1523,1967,97,-1
1524,1967,1121,-1
1525,1968,529,-1
1526,1968,2011,-1
1527,1969,81,-1
1528,1969,455,-1
1529,1970,365,0
1530,1971,553,-1
1531,1972,76,-1
1532,1972,1039,-1
1533,1973,144,-1
1534,1973,1720,-1
1535,1973,2207,1
1536,1974,1249,1
1537,1977,1871,-1
1538,1978,779,1
1539,1978,2071,-1
1540,1979,1700,-1
1541,1981,1806,-1
1542,1986,2372,-1
1543,1988,607,-1
1544,1988,1631,-1
1545,1988,2661,1
1546,1989,1379,1
1547,1991,107,1
1548,1994,907,1
1549,1994,2310,-1
1550,1994,2514,-1
1551,1995,128,1
1552,2000,1812,-1
1553,2000,2057,-1
1554,2002,2377,-1
1555,2003,2516,-1
1556,2004,2854,-1
1557,2006,1419,-1
1558,2006,1496,1
1559,2010,1930,-1
1560,2012,209,1
1561,2012,1059,-1
1562,2013,1673,1
1563,2014,1930,-1
1564,2015,470,-1
1565,2017,1326,-1
1566,2021,557,-1
1567,2021,588,-1
1568,2021,846,-1
1569,2021,1977,-1
1570,2021,2035,-1
1571,2022,87,-1
1572,2023,62,1
1573,2027,1346,1
1574,2028,516,1
1575,2033,558,1
1576,2034,1320,-1
1577,2037,2162,-1
1578,2038,1948,-1
1579,2038,2764,-1
1580,2042,2025,1
1581,2043,973,-1
1582,2043,1402,-1
1583,2045,2095,-1
1584,2048,463,1
1585,2049,2818,1
1586,2050,590,0
1587,2052,2859,-1
1588,2055,799,1
1589,2057,889,1
1590,2058,1135,-1
1591,2059,187,-1
1592,2060,1290,1
1593,2061,579,-1
1594,2063,1706,1
1595,2064,1915,-1
1596,2065,2288,1
1597,2067,2494,-1
1598,2068,2280,1
1599,2069,61,-1
1600,2069,2463,1
1601,2071,2743,1
1602,2073,920,-1
1603,2074,2184,-1
1604,2075,1151,1
1605,2075,2309,-1
1606,2077,2304,-1
1607,2077,2479,-1
1608,2081,1934,-1
1609,2083,596,1
1610,2084,2301,-1
1611,2087,2358,-1
1612,2088,736,-1
1613,2088,2543,-1
1614,2093,1693,-1
1615,2095,1639,1
1616,2095,2765,-1
1617,2104,2731,-1
1618,2106,1366,-1
1619,2108,758,-1
1620,2111,1523,-1
1621,2112,1971,-1
1622,2115,1488,-1
1623,2115,2617,-1
1624,2117,2291,-1
1625,2118,338,-1
1626,2118,843,-1
1627,2118,2374,1
1628,2120,2766,-1
1629,2121,23,-1
1630,2122,1855,-1
1631,2125,537,-1
1632,2125,983,-1
1633,2125,2170,-1
1634,2126,2884,1
1635,2128,2842,-1
1636,2129,66,-1
1637,2129,1154,1
1638,2133,1184,-1
1639,2133,1489,-1
1640,2133,2747,1
1641,2134,2662,1
1642,2135,435,0
1643,2136,2313,-1
1644,2138,1570,1
1645,2139,2379,-1
1646,2141,1491,-1
1647,2144,2129,-1
1648,2145,809,-1
1649,2148,2583,-1
1650,2151,303,-1
1651,2154,2815,-1
1652,2155,2152,-1
1653,2156,1245,-1
1654,2156,1690,1
1655,2157,1237,-1
1656,2158,511,-1
1657,2161,921,1
1658,2162,2701,-1
1659,2163,1881,-1
1660,2165,2455,-1
1661,2166,912,1
1662,2167,1490,-1
1663,2168,2019,-1
1664,2169,1381,-1
1665,2174,2038,1
1666,2175,205,-1
1667,2175,256,-1
1668,2183,138,-1
1669,2183,1138,-1
1670,2183,2794,-1
1671,2184,2610,-1
1672,2184,2681,-1
1673,2186,514,-1
1674,2187,1430,-1
1675,2188,491,-1
1676,2188,1993,-1
1677,2189,1982,-1
1678,2191,721,-1
1679,2191,968,-1
1680,2193,1624,0
1681,2195,2051,-1
1682,2195,2564,1
1683,2196,312,0
1684,2197,80,1
1685,2197,1429,-1
1686,2198,2220,-1
1687,2205,2351,-1
1688,2206,1425,-1
1689,2206,1785,1
1690,2209,2420,-1
1691,2209,2679,1
1692,2210,1387,-1
1693,2212,722,-1
1694,2213,1202,-1
1695,2215,75,1
1696,2216,342,-1
1697,2218,1253,1
1698,2218,1551,-1
1699,2218,2061,-1
1700,2220,880,0
1701,2221,776,-1
1702,2222,1399,-1
1703,2223,2410,-1
1704,2225,1023,1
1705,2227,1862,-1
1706,2229,727,-1
1707,2230,2212,-1
1708,2231,581,-1
1709,2232,2128,-1
1710,2236,166,-1
1711,2236,1291,-1
1712,2236,2471,-1
1713,2238,1167,-1
1714,2239,753,1
1715,2242,1918,-1
1716,2242,2174,-1
1717,2243,1571,-1
1718,2244,927,-1
1719,2244,1395,1
1720,2247,1146,-1
1721,2248,1739,-1
1722,2249,583,1
1723,2251,29,1
1724,2252,2194,1
1725,2252,2274,1
1726,2252,2805,1
1727,2254,2758,1
1728,2255,2404,1
1729,2256,210,0
1730,2257,2808,1
1731,2258,27,1
1732,2258,561,1
1733,2259,2576,1
1734,2260,2889,0
1735,2261,1573,1
1736,2262,176,1
1737,2264,1353,1
1738,2265,1324,1
1739,2268,2268,1
1740,2269,665,1
1741,2272,2306,1
1742,2273,613,0
1743,2276,526,0
1744,2280,1606,1
1745,2280,2686,1
1746,2282,2621,1
1747,2283,1768,1
1748,2286,657,1
1749,2287,831,0
1750,2288,110,0
1751,2289,2680,1
1752,2290,696,1
1753,2291,2620,0
1754,2292,713,1
1755,2295,437,1
1756,2296,1185,1
1757,2299,464,1
1758,2300,48,-1
1759,2306,662,1
1760,2307,892,-1
1761,2307,1140,1
1762,2307,1521,1
1763,2307,1688,-1
1764,2307,1771,-1
1765,2308,1539,0
1766,2308,2362,0
1767,2309,1467,1
1768,2312,235,1
1769,2312,1460,0
1770,2314,1627,1
1771,2315,958,1
1772,2316,1446,1
1773,2316,1530,0
1774,2318,1628,1
1775,2319,2058,1
1776,2324,43,1
1777,2325,2887,0
1778,2326,2111,1
1779,2329,260,1
1780,2329,1753,1
1781,2331,2447,1
1782,2333,1483,1
1783,2333,2259,-1
1784,2336,468,-1
1785,2336,564,0
1786,2337,1397,1
1787,2338,1944,1
1788,2339,73,1
1789,2341,698,1
1790,2341,2698,1
1791,2342,1738,1
1792,2343,1774,1
1793,2344,1869,1
1794,2344,1902,0
1795,2345,729,1
1796,2346,2668,1
1797,2348,1374,1
1798,2352,1251,1
1799,2353,1778,1
1800,2353,2356,1
1801,2354,163,0
1802,2357,1196,1
1803,2357,2618,1
1804,2358,2255,1
1805,2361,1937,1
1806,2361,2604,1
1807,2362,1406,1
1808,2363,1545,1
1809,2365,460,1
1810,2368,1398,1
1811,2368,2077,1
1812,2368,2303,1
1813,2372,420,1
1814,2372,2519,1
1815,2372,2639,1
1816,2373,32,0
1817,2374,2605,1
1818,2375,2602,1
1819,2376,699,1
1820,2376,2740,0
1821,2381,515,1
1822,2383,158,1
1823,2383,2613,0
1824,2384,1697,1
1825,2386,2319,1
1826,2387,2702,1
1827,2388,298,1
1828,2390,2759,1
1829,2395,707,0
1830,2397,95,1
1831,2399,2630,1
1832,2401,879,0
1833,2402,1352,1
1834,2403,1199,1
1835,2404,1049,0
1836,2406,1190,0
1837,2407,2049,1
1838,2408,2060,1
1839,2409,874,0
1840,2410,1086,1
1841,2410,1711,1
1842,2410,1955,1
1843,2412,1394,1
1844,2413,239,1
1845,2413,2492,1
1846,2416,542,1
1847,2417,914,1
1848,2418,719,0
1849,2423,1769,1
1850,2424,465,1
1851,2425,1941,1
1852,2426,2037,1
1853,2428,427,0
1854,2430,1749,1
1855,2432,1413,0
1856,2432,2788,1
1857,2437,1241,0
1858,2437,2879,1
1859,2438,701,0
1860,2438,1995,0
1861,2439,1180,0
1862,2440,229,-1
1863,2440,1274,-1
1864,2442,1722,0
1865,2443,2665,1
1866,2444,1714,0
1867,2445,854,1
1868,2446,822,1
1869,2446,871,1
1870,2450,1027,0
1871,2452,1310,1
1872,2454,1479,1
1873,2457,1131,1
1874,2458,979,1
1875,2459,1211,1
1876,2459,2578,1
1877,2461,550,1
1878,2463,1440,1
1879,2464,908,0
1880,2464,2190,0
1881,2466,1486,1
1882,2467,1599,1
1883,2468,304,-1
1884,2468,388,-1
1885,2468,2112,1
1886,2470,1347,1
1887,2471,861,1
1888,2472,343,0
1889,2473,859,1
1890,2474,576,-1
1891,2474,1215,-1
1892,2475,1522,0
1893,2476,276,0
1894,2476,931,1
1895,2476,2573,0
1896,2477,887,-1
1897,2478,1432,0
1898,2478,1745,0
1899,2479,264,0
1900,2479,2330,1
1901,2480,2276,1
1902,2481,2392,1
1903,2485,142,1
1904,2486,2426,1
1905,2487,1371,1
1906,2487,2143,1
1907,2491,2103,1
1908,2491,2658,-1
1909,2492,35,1
1910,2492,1112,1
1911,2492,2171,1
1912,2492,2502,1
1913,2493,278,-1
1914,2493,955,-1
1915,2494,1246,1
1916,2495,877,0
1917,2496,967,0
1918,2497,2230,1
1919,2497,2553,0
1920,2498,1071,0
1921,2500,1457,1
1922,2504,2099,-1
1923,2506,88,-1
1924,2506,1137,-1
1925,2508,326,1
1926,2511,4,-1
1927,2516,1459,1
1928,2516,2406,-1
1929,2517,1554,-1
1930,2517,2822,-1
1931,2519,149,1
1932,2520,1187,1
1933,2522,2121,-1
1934,2523,1384,0
1935,2523,1591,0
1936,2524,259,-1
1937,2524,275,1
1938,2524,490,-1
1939,2524,1082,-1
1940,2524,1981,-1
1941,2525,2338,-1
1942,2527,602,-1
1943,2534,1062,-1
1944,2534,1101,-1
1945,2535,1436,-1
1946,2537,44,-1
1947,2538,1259,-1
1948,2539,294,1
1949,2539,2647,0
1950,2547,926,-1
1951,2548,603,-1
1952,2549,267,-1
1953,2560,510,1
1954,2561,1334,-1
1955,2569,594,-1
1956,2572,1866,-1
1957,2574,1249,-1
1958,2577,923,-1
1959,2578,1793,-1
1960,2579,2470,1
1961,2581,604,1
1962,2582,705,1
1963,2583,147,-1
1964,2583,481,1
1965,2583,1579,-1
1966,2584,556,-1
1967,2584,1203,1
1968,2584,1652,-1
1969,2586,2596,-1
1970,2587,255,1
1971,2587,1636,0
1972,2587,2233,0
1973,2588,2363,-1
1974,2591,2430,-1
1975,2593,1576,-1
1976,2596,930,1
1977,2597,2031,-1
1978,2598,2206,-1
1979,2602,168,-1
1980,2602,784,-1
1981,2602,2761,-1
1982,2604,1144,1
1983,2605,117,-1
1984,2605,344,-1
1985,2605,1091,-1
1986,2605,1533,-1
1987,2606,407,1
1988,2609,2146,-1
1989,2610,2657,-1
1990,2612,1,1
1991,2612,2651,-1
1992,2614,1992,-1
1993,2615,2546,-1
1994,2618,378,-1
1995,2620,2762,1
1996,2621,1172,-1
1997,2623,1340,-1
1998,2624,2081,1
1999,2625,1434,1
2000,2626,20,-1
2001,2626,71,1
2002,2628,77,-1
2003,2628,1201,-1
2004,2630,951,1
2005,2630,2540,-1
2006,2633,1072,1
2007,2636,2383,-1
2008,2638,2113,1
2009,2644,1529,-1
2010,2644,1542,-1
2011,2645,55,-1
2012,2645,966,-1
2013,2647,560,-1
2014,2647,1469,1
2015,2650,896,1
2016,2650,2490,1
2017,2655,2008,0
2018,2660,1021,-1
2019,2663,2192,0
2020,2665,1005,1
2021,2666,2045,1
2022,2668,1729,1
2023,2669,2147,1
2024,2672,1612,1
2025,2673,1650,1
2026,2675,2308,1
2027,2677,1908,1
2028,2677,2529,1
2029,2678,507,1
2030,2678,1629,1
2031,2679,2021,0
2032,2681,1143,1
2033,2683,60,1
2034,2687,52,1
2035,2688,218,1
2036,2689,1835,1
2037,2690,1464,1
2038,2690,1696,1
2039,2690,2277,1
2040,2693,1252,1
2041,2694,841,1
2042,2695,780,1
2043,2695,1412,1
2044,2695,2860,1
2045,2698,1294,1
2046,2701,2555,0
2047,2702,2522,1
2048,2704,608,1
2049,2706,2134,1
2050,2708,2487,1
2051,2709,1323,1
2052,2711,1482,0
2053,2715,2017,1
2054,2716,2139,0
2055,2717,348,1
2056,2717,2612,1
2057,2718,1503,0
2058,2719,5,-1
2059,2719,2436,-1
2060,2721,2254,0
2061,2721,2339,0
2062,2721,2784,1
2063,2722,1505,1
2064,2723,1047,1
2065,2727,1234,0
2066,2728,2070,1
2067,2730,2141,1
2068,2733,1959,1
2069,2734,756,1
2070,2734,2699,1
2071,2736,2580,1
2072,2739,2571,1
2073,2740,0,0
2074,2741,466,1
2075,2741,821,1
2076,2742,2087,1
2077,2744,1798,1
2078,2745,1224,1
2079,2745,1307,1
2080,2750,204,1
2081,2751,477,0
2082,2754,2238,1
2083,2756,2760,0
2084,2758,2222,1
2085,2761,824,0
2086,2762,1589,-1
2087,2763,1783,1
2088,2763,2778,1
2089,2765,2197,1
2090,2766,1641,1
2091,2766,1752,-1
2092,2769,1671,1
2093,2770,2452,0
2094,2770,2875,0
2095,2774,357,1
2096,2774,938,1
2097,2775,2185,0
2098,2777,228,-1
2099,2777,2773,-1
2100,2778,2768,1
2101,2781,1633,0
2102,2781,1864,1
2103,2783,1060,1
2104,2784,2659,1
2105,2785,409,1
2106,2785,2475,1
2107,2789,284,1
2108,2789,1582,1
2109,2790,2200,1
2110,2793,2164,0
2111,2794,2236,1
2112,2798,2720,1
2113,2799,630,0
2114,2801,1516,1
2115,2808,1448,0
2116,2809,2495,1
2117,2810,988,0
2118,2817,1809,1
2119,2818,2752,1
2120,2819,825,0
2121,2820,2712,0
2122,2821,1956,-1
2123,2821,2040,1
2124,2821,2283,-1
2125,2821,2384,1
2126,2823,2531,-1
2127,2823,2588,-1
2128,2825,1166,1
2129,2826,2780,0
2130,2827,2287,1
2131,2831,1354,1
2132,2835,141,1
2133,2837,1933,1
2134,2840,582,0
2135,2841,2552,0
2136,2843,1870,1
2137,2844,24,1
2138,2845,1610,1
2139,2847,381,0
2140,2849,849,-1
2141,2849,1372,-1
2142,2849,1921,-1
2143,2849,2800,1
2144,2849,2872,1
2145,2850,284,-1
2146,2850,1582,-1
2147,2851,619,1
2148,2851,1126,1
2149,2853,1216,1
2150,2859,400,1
2151,2860,1641,-1
2152,2860,1752,1
2153,2862,1772,0
2154,2864,612,1
2155,2868,2458,1
2156,2869,956,0
2157,2871,808,1
2158,2874,1350,0
2159,2874,2014,1
2160,2875,341,-1
2161,2875,817,-1
2162,2875,1264,-1
2163,2876,396,1
2164,2877,2531,1
2165,2877,2588,1
2166,2881,947,1
2167,2884,19,1
2168,2884,2326,1
2169,2885,555,1
2170,2885,1329,0
2171,2886,2267,1
2172,2888,468,0
2173,2888,564,-1
2174,2889,2696,1
2175,2890,393,1
2176,2892,391,1
2177,2892,2342,-1
2178,2893,2821,-1
2179,2894,1020,-1
2180,2895,1655,-1
2181,2895,2006,-1
2182,2896,2632,1
2183,2897,40,-1
2184,2900,590,-1
2185,2901,6,1
2186,2902,2802,1
2187,2903,1683,-1
2188,2904,1004,-1
2189,2907,1558,-1
2190,2910,1474,1
2191,2914,2102,-1
2192,2917,280,-1
2193,2922,2166,-1
2194,2924,2191,1
2195,2925,2263,-1
2196,2926,706,1
2197,2928,1156,1
2198,2928,1878,-1
2199,2930,422,-1
2200,2931,2245,0
2201,2932,220,-1
2202,2933,522,-1
2203,2933,2706,-1
2204,2935,1811,1
2205,2935,1938,-1
2206,2936,651,-1
2207,2937,1182,-1
2208,2939,2211,1
2209,2942,1453,1
2210,2942,2416,-1
2211,2943,1733,-1
2212,2943,2175,-1
2213,2946,347,1
2214,2948,237,-1
2215,2949,1204,-1
2216,2950,7,1
2217,2953,2260,-1
2218,2954,1820,-1
2219,2955,1348,1
2220,2957,2183,-1
2221,2958,502,1
2222,2960,1610,-1
2223,2961,272,1
2224,2963,2829,-1
2225,2965,2511,-1
2226,2966,1985,-1
2227,2967,1359,-1
2228,2973,2781,-1
2229,2976,2424,-1
2230,2977,501,-1
2231,2977,541,1
2232,2978,1787,-1
2233,2980,328,-1
2234,2982,1901,-1
2235,2982,2856,1
2236,2985,1214,-1
2237,2987,316,-1
2238,2988,726,-1
2239,2988,2608,-1
2240,2989,2646,-1
2241,2990,1090,-1
2242,2991,2182,-1
2243,2991,2881,-1
2244,2992,1949,1
2245,2995,1148,1
2246,2996,2157,-1
2247,2996,2565,-1
2248,2999,534,-1
2249,3000,2884,-1
2250,3002,1906,1
2251,3003,752,-1
2252,3005,360,1
2253,3006,1500,1
2254,3007,1003,-1
2255,3008,1575,1
2256,3013,1476,-1
2257,3014,653,1
2258,3014,1471,-1
2259,3014,2585,-1
2260,3015,197,-1
2261,3015,2334,-1
2262,3017,201,1
2263,3017,2204,-1
2264,3019,1728,0
2265,3020,1327,-1
2266,3020,2861,-1
2267,3023,193,-1
2268,3023,725,-1
2269,3024,2488,-1
2270,3027,1164,-1
2271,3029,2757,-1
2272,3030,2234,1
2273,3031,169,-1
2274,3032,2055,1
2275,3032,2811,-1
2276,3033,282,-1
2277,3034,410,-1
2278,3035,2292,-1
2279,3039,1414,-1
2280,3039,2145,-1
2281,3042,2069,1
2282,3045,2125,-1
2283,3051,1408,1
2284,3053,587,1
2285,3054,993,-1
2286,3056,2403,-1
2287,3057,1947,-1
2288,3057,2408,1
2289,3059,14,1
2290,3059,184,-1
2291,3061,2749,-1
2292,3062,593,-1
2293,3063,498,-1
2294,3064,1859,-1
2295,3067,2444,-1
2296,3068,540,-1
2297,3068,1790,-1
2298,3070,2458,-1
2299,3071,2545,-1
2300,3073,597,1
2301,3074,1075,-1
2302,3075,1159,1
2303,3076,1653,-1
2304,3078,855,1
2305,3079,2700,1
2306,3080,2817,-1
2307,3085,1677,-1
2308,3086,1653,-1
2309,3089,2862,-1
2310,3093,601,-1
2311,3093,2810,-1
2312,3096,852,-1
2313,3096,1052,-1
2314,3096,2708,1
2315,3097,68,-1
2316,3097,810,-1
2317,3101,1243,1
2318,3103,1104,1
2319,3105,570,-1
2320,3105,2244,1
2321,3107,1832,-1
2322,3107,2333,-1
2323,3109,329,-1
2324,3109,2160,-1
2325,3112,2242,1
2326,3114,1900,1
2327,3117,557,1
2328,3117,588,-1
2329,3117,846,-1
2330,3117,1977,-1
2331,3117,2035,-1
2332,3119,262,-1
2333,3121,669,-1
2334,3124,650,-1
2335,3125,361,-1
2336,3126,382,-1
2337,3126,2158,-1
2338,3131,236,1
2339,3139,888,-1
2340,3139,1990,-1
2341,3140,262,-1
2342,3144,1209,-1
2343,3145,2149,-1
2344,3145,2640,1
2345,3146,2441,-1
2346,3147,1918,1
2347,3147,2174,-1
2348,3148,2610,-1
2349,3148,2681,1
2350,3150,392,-1
2351,3151,1095,-1
2352,3151,1098,-1
2353,3152,1777,-1
2354,3152,1818,-1
2355,3154,2314,1
2356,3155,1244,1
2357,3156,1376,-1
2358,3157,2484,-1
2359,3159,1240,-1
2360,3163,1830,-1
2361,3165,170,-1
2362,3167,202,-1
2363,3170,568,1
2364,3172,1168,-1
2365,3172,2603,-1
2366,3173,1890,-1
2367,3174,1268,-1
2368,3174,1450,-1
2369,3175,2597,-1
2370,3178,2360,1
2371,3179,306,1
2372,3180,1792,1
2373,3185,16,1
2374,3185,1800,-1
2375,3186,1795,1
2376,3187,125,-1
2377,3187,2012,-1
2378,3187,2570,1
2379,3190,1364,1
2380,3195,1841,-1
2381,3196,2885,-1
2382,3197,1813,-1
2383,3197,2654,-1
2384,3198,1885,1
2385,3198,2229,-1
2386,3199,313,-1
2387,3199,1689,1
2388,3200,1799,-1
2389,3203,2726,-1
2390,3204,56,0
2391,3204,1122,0
2392,3208,2663,1
2393,3209,418,-1
2394,3210,2364,-1
2395,3211,1777,-1
2396,3211,1818,-1
2397,3213,257,1
2398,3214,2390,1
2399,3215,2217,-1
2400,3217,1857,-1
2401,3217,2196,-1
2402,3221,1188,-1
2403,3222,815,-1
2404,3223,1282,-1
2405,3223,2473,1
2406,3225,1193,-1
2407,3225,2079,1
2408,3226,2159,-1
2409,3227,2393,-1
2410,3228,2048,-1
2411,3230,244,-1
2412,3231,659,-1
2413,3232,1518,-1
2414,3232,2530,1
2415,3233,1411,-1
2416,3233,1976,-1
2417,3234,1357,-1
2418,3234,2302,1
2419,3236,2225,-1
2420,3237,1454,-1
2421,3237,2709,1
2422,3238,2272,1
2423,3239,1083,-1
2424,3241,1699,-1
2425,3243,1998,-1
2426,3245,678,1
2427,3251,1996,-1
2428,3251,2508,-1
2429,3254,125,-1
2430,3254,2012,-1
2431,3254,2570,-1
2432,3255,2771,-1
2433,3257,1418,1
2434,3260,2792,-1
2435,3261,1758,-1
2436,3263,1725,1
2437,3265,2178,1
2438,3267,2702,-1
2439,3268,226,-1
2440,3268,1883,-1
2441,3271,291,-1
2442,3272,355,1
2443,3274,2711,1
2444,3275,2172,-1
2445,3276,1194,1
2446,3277,668,-1
2447,3280,571,-1
2448,3280,832,1
2449,3281,1391,-1
2450,3284,1014,1
2451,3286,2122,-1
2452,3287,1664,1
2453,3288,223,-1
2454,3288,548,-1
2455,3288,1220,-1
2456,3289,389,1
2457,3289,680,-1
2458,3290,794,0
2459,3290,998,1
2460,3291,2108,-1
2461,3292,1123,-1
2462,3292,1917,1
2463,3295,411,-1
2464,3299,1815,-1
2465,3301,2589,-1
2466,3302,1311,-1
2467,3303,363,1
2468,3303,2439,-1
2469,3305,469,-1
2470,3307,2054,1
2471,3308,834,1
2472,3308,929,-1
2473,3309,702,0
2474,3310,655,1
2475,3310,750,-1
2476,3311,783,-1
2477,3313,2132,-1
2478,3314,382,-1
2479,3314,2158,-1
2480,3317,684,-1
2481,3318,1296,-1
2482,3319,2316,-1
2483,3319,2445,-1
2484,3320,2892,1
2485,3321,38,-1
2486,3322,2396,1
2487,3324,117,1
2488,3324,344,-1
2489,3324,1091,-1
2490,3324,1533,-1
2491,3325,228,-1
2492,3325,2773,-1
2493,3326,805,1
2494,3327,1701,0
2495,3328,242,1
2496,3329,474,1
2497,3329,1791,-1
2498,3330,2440,1
2499,3331,2188,-1
2500,3334,2344,-1
2501,3337,695,1
2502,3340,1066,-1
2503,3341,1315,-1
2504,3341,1839,-1
2505,3341,2427,-1
2506,3343,1025,1
2507,3347,406,0
2508,3348,295,-1
2509,3349,1198,-1
2510,3350,1235,-1
2511,3353,1826,1
2512,3354,78,-1
2513,3354,1416,1
2514,3355,569,0
2515,3355,868,1
2516,3362,17,-1
2517,3363,483,-1
2518,3363,1679,-1
2519,3363,1931,1
2520,3364,1762,1
2521,3365,2789,-1
2522,3371,363,-1
2523,3371,2439,-1
2524,3373,2595,0
2525,3374,1863,0
2526,3377,1507,-1
2527,3378,734,1
2528,3379,102,-1
2529,3380,1577,0
2530,3380,2350,0
2531,3381,1641,-1
2532,3381,1752,-1
2533,3385,716,-1
2534,3385,2837,-1
2535,3386,1586,-1
2536,3389,2496,-1
2537,3390,2442,1
2538,3393,2541,1
2539,3395,1009,-1
2540,3397,814,-1
2541,3397,895,1
2542,3398,2652,0
2543,3402,2813,-1
2544,3403,723,0
2545,3404,458,0
2546,3404,1231,0
2547,3405,84,-1
2548,3406,1638,1
2549,3407,2839,1
2550,3408,1860,1
2551,3408,2176,-1
2552,3409,1543,1
2553,3409,1845,-1
2554,3411,1592,1
2555,3412,2880,-1
2556,3413,1825,-1
2557,3415,890,-1
2558,3415,2385,-1
2559,3417,1351,-1
2560,3417,2739,-1
2561,3420,535,1
2562,3422,595,1
2563,3423,401,-1
2564,3425,562,-1
2565,3427,259,-1
2566,3427,275,-1
2567,3427,490,-1
2568,3427,1082,-1
2569,3427,1981,-1
2570,3429,330,-1
2571,3431,1750,1
2572,3433,2833,1
2573,3435,503,0
2574,3437,1149,-1
2575,3439,2367,1
2576,3440,950,-1
2577,3443,1644,1
2578,3443,2664,-1
2579,3446,2898,1
2580,3449,2218,-1
2581,3450,233,-1
2582,3450,1751,-1
2583,3452,374,1
2584,3455,2327,-1
2585,3455,2485,-1
2586,3456,2402,-1
2587,3459,1218,-1
2588,3459,1730,-1
2589,3461,992,1
2590,3463,371,1
2591,3463,997,-1
2592,3464,1511,1
2593,3468,775,1
2594,3469,2329,1
2595,3473,898,-1
2596,3473,909,1
2597,3475,933,-1
2598,3476,2683,1
2599,3477,913,1
2600,3478,1189,1
2601,3480,1213,-1
2602,3481,1207,1
2603,3485,1892,-1
2604,3486,438,-1
2605,3487,1621,-1
2606,3490,1033,-1
2607,3491,2571,-1
2608,3494,54,-1
2609,3494,2142,1
2610,3496,2776,-1
2611,3500,1161,1
2612,3501,786,-1
2613,3502,724,-1
2614,3503,2874,-1
2615,3504,697,-1
2616,3504,2173,1
2617,3507,151,-1
2618,3508,1302,1
2619,3511,887,-1
2620,3512,2201,1
2621,3513,21,-1
2622,3513,90,1
2623,3514,1477,1
2624,3516,2041,-1
2625,3518,2850,-1
2626,3523,2606,-1
2627,3524,45,-1
2628,3524,1258,-1
2629,3524,1744,-1
2630,3524,2685,-1
2631,3525,318,-1
2632,3526,472,-1
2633,3527,2186,1
2634,3528,2797,-1
2635,3529,1458,-1
2636,3530,2577,-1
2637,3531,2536,-1
2638,3533,1048,0
2639,3535,311,-1
2640,3542,1343,-1
2641,3543,759,-1
2642,3543,1794,-1
2643,3545,1498,-1
2644,3545,1967,1
2645,3545,2750,-1
2646,3547,737,1
2647,3551,2655,1
2648,3553,2046,-1
2649,3554,1643,-1
2650,3557,153,-1
2651,3557,2506,-1
2652,3558,1024,-1
2653,3559,1417,-1
2654,3561,941,1
2655,3564,181,-1
2656,3564,525,1
2657,3565,1953,-1
2658,3566,1186,1
2659,3570,190,-1
2660,3571,2169,-1
2661,3571,2521,-1
2662,3572,2796,-1
2663,3573,1850,-1
2664,3575,2257,-1
2665,3578,1096,0
2666,3579,1228,-1
2667,3582,1724,-1
2668,3585,793,-1
2669,3585,2365,-1
2670,3586,1667,-1
2671,3586,1963,-1
2672,3587,398,0
2673,3589,1492,0
2674,3591,1979,1
2675,3591,2594,-1
2676,3593,499,1
2677,3594,978,-1
2678,3594,2213,1
2679,3595,1028,1
2680,3595,1420,0
2681,3595,2266,0
2682,3596,64,-1
2683,3597,1973,-1
2684,3598,1177,-1
2685,3598,2357,1
2686,3599,1770,-1
2687,3600,22,-1
2688,3607,1485,1
2689,3607,2371,-1
2690,3608,539,-1
2691,3608,605,-1
2692,3609,820,-1
2693,3611,270,-1
2694,3611,2742,1
2695,3613,1721,-1
2696,3614,150,-1
2697,3616,578,1
2698,3617,1649,-1
2699,3618,2042,1
2700,3620,980,-1
2701,3621,1895,-1
2702,3626,2400,-1
2703,3627,120,-1
2704,3627,915,-1
2705,3627,1007,-1
2706,3627,1155,-1
2707,3627,1905,1
2708,3630,965,-1
2709,3632,857,-1
2710,3632,1248,-1
2711,3633,962,-1
2712,3633,1844,-1
2713,3633,2249,-1
2714,3634,812,1
2715,3635,2693,1
2716,3638,1076,1
2717,3640,1932,-1
2718,3641,2454,-1
2719,3641,2559,-1
2720,3643,1378,-1
2721,3647,1740,1
2722,3648,2767,-1
2723,3649,251,-1
2724,3649,1456,1
2725,3652,2270,-1
2726,3653,15,-1
2727,3654,1674,-1
2728,3658,509,-1
2729,3659,300,1
2730,3659,970,-1
2731,3661,633,1
2732,3661,749,-1
2733,3665,1256,-1
2734,3666,788,1
2735,3667,2001,1
2736,3669,2389,1
2737,3673,79,1
2738,3675,2261,-1
2739,3677,2624,1
2740,3678,2826,-1
2741,3681,1084,1
2742,3683,155,-1
2743,3683,677,-1
2744,3688,2227,-1
2745,3691,2332,-1
2746,3692,518,-1
2747,3693,2656,-1
2748,3694,1685,-1
2749,3694,2623,-1
2750,3695,2373,0
2751,3698,1842,-1
2752,3699,2117,-1
2753,3705,904,-1
2754,3707,1139,1
2755,3709,601,-1
2756,3709,2810,1
2757,3711,1375,1
2758,3717,693,1
2759,3718,995,1
2760,3719,1630,1
2761,3726,341,1
2762,3726,817,-1
2763,3726,1264,-1
2764,3727,1515,1
2765,3729,585,-1
2766,3730,182,1
2767,3735,1330,-1
2768,3736,708,1
2769,3736,1087,-1
2770,3738,1602,1
2771,3739,2763,1
2772,3740,1237,-1
2773,3742,900,-1
2774,3743,1322,-1
2775,3743,2629,-1
2776,3744,1380,-1
2777,3745,2073,-1
2778,3746,1045,1
2779,3747,1449,1
2780,3750,1660,-1
2781,3751,219,-1
2782,3753,1695,-1
2783,3753,2691,-1
2784,3754,1225,1
2785,3755,113,-1
2786,3758,421,-1
2787,3759,1597,1
2788,3759,2481,-1
2789,3762,214,-1
2790,3764,82,-1
2791,3767,886,1
2792,3767,1622,-1
2793,3768,2431,-1
2794,3770,387,-1
2795,3772,2572,-1
2796,3773,2866,-1
2797,3775,2407,-1
2798,3775,2423,-1
2799,3776,848,-1
2800,3777,989,-1
2801,3779,1337,-1
2802,3780,867,1
2803,3780,1574,-1
2804,3781,172,-1
2805,3783,152,-1
2806,3786,1588,-1
2807,3787,151,1
2808,3790,1914,0
2809,3792,247,-1
2810,3792,1658,1
2811,3792,2591,-1
2812,3793,1050,1
2813,3794,917,1
2814,3797,1919,-1
2815,3799,140,-1
2816,3800,2812,1
2817,3801,2059,-1
2818,3802,1292,-1
2819,3803,1277,1
2820,3804,1288,1
2821,3804,2517,-1
2822,3805,666,-1
2823,3806,2425,1
2824,3807,2434,-1
2825,3807,2840,1
2826,3808,681,1
2827,3812,1120,-1
2828,3812,1270,1
2829,3813,986,1
2830,3814,480,-1
2831,3814,2209,-1
2832,3816,1358,1
2833,3819,1643,-1
2834,3820,2736,1
2835,3824,451,1
2836,3824,1369,0
2837,3824,2246,0
2838,3824,2567,0
2839,3826,1710,1
2840,3827,1367,-1
2841,3828,1666,-1
2842,3829,42,1
2843,3831,761,-1
2844,3831,1314,1
2845,3832,2486,-1
2846,3833,691,-1
2847,3836,2438,1
2848,3838,2243,-1
2849,3838,2297,-1
2850,3839,2156,-1
2851,3840,382,-1
2852,3840,2158,-1
2853,3842,1703,-1
2854,3843,456,1
2855,3844,36,1
2856,3845,523,-1
2857,3845,766,-1
2858,3846,910,1
2859,3847,1520,-1
2860,3849,1978,1
2861,3850,689,-1
2862,3855,1853,-1
2863,3855,2775,-1
2864,3857,2478,1
2865,3859,370,1
2866,3859,1319,-1
2867,3861,2574,1
2868,3861,2844,-1
2869,3863,636,-1
2870,3863,1561,-1
2871,3865,1946,-1
2872,3866,2165,1
2873,3871,296,-1
2874,3871,434,1
2875,3877,1344,-1
2876,3880,1594,1
2877,3880,1605,-1
2878,3881,557,-1
2879,3881,588,-1
2880,3881,846,-1
2881,3881,1977,-1
2882,3881,2035,-1
2883,3883,2300,1
2884,3886,1388,1
2885,3887,258,-1
2886,3887,925,-1
2887,3888,2366,-1
2888,3890,2119,1
2889,3891,505,-1
2890,3891,2849,1
2891,3894,245,1
2892,3894,620,-1
2893,3896,901,-1
2894,3896,2285,-1
2895,3897,870,-1
2896,3898,891,1
2897,3899,527,-1
2898,3899,1373,1
2899,3900,161,-1
2900,3900,1909,-1
2901,3900,2387,1
2902,3902,1162,-1
2903,3907,1342,-1
2904,3908,2563,-1
2905,3910,2737,-1
2906,3911,414,0
2907,3911,2550,1
2908,3912,166,-1
2909,3912,1291,-1
2910,3912,2471,1
2911,3918,674,-1
2912,3919,1212,-1
2913,3919,2003,-1
2914,3919,2513,-1
2915,3921,1206,-1
2916,3923,410,-1
2917,3924,302,-1
2918,3926,2851,-1
2919,3928,2391,-1
2920,3929,167,1
2921,3929,327,-1
2922,3929,2074,-1
2923,3930,1136,1
2924,3931,528,1
2925,3933,262,-1
2926,3934,1321,-1
2927,3938,1011,-1
2928,3938,1026,-1
2929,3938,2600,1
2930,3939,1295,-1
2931,3940,308,-1
2932,3943,253,-1
2933,3943,1840,-1
2934,3947,975,1
2935,3949,1796,1
2936,3950,829,-1
2937,3951,2566,1
2938,3952,2725,-1
2939,3954,609,-1
2940,3954,1200,1
2941,3955,646,1
2942,3956,1969,-1
2943,3958,2748,-1
2944,3959,337,-1
2945,3959,1205,1
2946,3960,2774,-1
2947,3962,1893,1
2948,3963,1401,-1
2949,3964,1847,-1
2950,3965,1377,-1
2951,3966,1535,-1
2952,3966,2016,-1
2953,3967,1920,-1
2954,3970,45,-1
2955,3970,1258,-1
2956,3970,1744,-1
2957,3970,2685,-1
2958,3971,1632,1
2959,3972,432,1
2960,3972,1945,-1
2961,3976,2428,-1
2962,3977,106,-1
2963,3977,957,-1
2964,3977,1325,-1
2965,3978,1077,-1
2966,3979,2295,-1
2967,3980,779,-1
2968,3980,2071,1
2969,3981,164,-1
2970,3981,994,-1
2971,3982,85,1
2972,3982,670,-1
2973,3984,1094,1
2974,3987,2044,-1
2975,3988,424,-1
2976,3989,1615,-1
2977,3990,1002,-1
2978,3991,819,-1
2979,3992,2110,-1
2980,3993,1509,-1
2981,3993,2063,1
2982,3996,2825,1
2983,3997,1286,-1
2984,3999,1972,1
2985,4000,2325,1
2986,4002,1865,-1
2987,4004,1803,-1
2988,4005,353,-1
2989,4005,944,1
2990,4006,1686,-1
2991,4008,399,1
2992,4008,1897,-1
2993,4010,2323,-1
2994,4011,231,-1
2995,4013,459,0
2996,4014,2682,-1
2997,4017,1080,1
2998,4021,1898,1
2999,4022,1943,1
3000,4024,1581,-1
3001,4025,1304,1
3002,4033,606,-1
3003,4035,462,-1
3004,4035,1960,1
3005,4036,706,-1
3006,4037,2305,1
3007,4041,728,1
3008,4042,897,1
3009,4042,2836,-1
3010,4043,215,1
3011,4046,183,1
3012,4050,279,-1
3013,4050,2153,1
3014,4050,2562,-1
3015,4051,2370,1
3016,4052,835,1
3017,4054,46,-1
3018,4054,2126,-1
3019,4055,288,0
3020,4055,1269,0
3021,4057,2786,-1
3022,4060,116,-1
3023,4060,1858,0
3024,4061,2667,-1
3025,4062,1580,-1
3026,4063,757,-1
3027,4065,430,1
3028,4065,1550,-1
3029,4066,2230,-1
3030,4066,2553,-1
3031,4067,247,-1
3032,4067,1658,-1
3033,4067,2591,-1
3034,4069,2411,-1
3035,4069,2672,1
3036,4070,504,-1
3037,4071,741,1
3038,4073,631,-1
3039,4073,2468,-1
3040,4074,672,1
3041,4077,791,-1
3042,4078,2273,-1
3043,4081,1861,-1
3044,4084,1548,-1
3045,4085,156,0
3046,4086,100,-1
3047,4086,189,-1
3048,4086,2090,1
3049,4086,2547,-1
3050,4087,2148,-1
3051,4088,807,1
3052,4090,2062,-1
3053,4091,2534,-1
3054,4093,773,0
3055,4094,1443,-1
3056,4096,2419,-1
3057,4097,1031,1
3058,4097,2867,-1
3059,4099,1299,-1
3060,4100,293,-1
3061,4102,320,-1
3062,4103,1392,1
3063,4106,563,-1
3064,4110,126,1
3065,4110,1349,0
3066,4111,2089,-1
3067,4112,2718,-1
3068,4114,591,0
3069,4114,1537,0
3070,4114,1801,0
